model_name,rmse,mae,r2
linear_regression_baseline,72.5050542731892,57.26345090929235,0.8558182356557322
catboost,72.5582147409808,55.026931177775985,0.8556067309542039
random_forest,74.3647313911405,55.2809166737718,0.8483271669516502
xgboost,76.17003373478018,55.38604786891022,0.8408736622979294
lightgbm,79.26737104629123,58.05380428705906,0.8276692884276917
