{
  "best_model_name": "catboost",
  "best_model_version": 6,
  "metrics": {
    "rmse": 68.88488384638714,
    "mae": 52.01053953083612,
    "r2": 0.8698567546010917
  }
}